epoch,lr-Adam,step,train_loss,val_loss
,0.0001,0,,
0,,49,2.457141876220703,
0,,99,1.4756793975830078,
0,,149,0.9498259425163269,
0,,199,0.8673762083053589,
0,,249,0.47405365109443665,
0,,299,0.7065777778625488,
0,,349,0.7534427642822266,
0,,399,0.5706388354301453,
0,,449,0.5610132217407227,
0,,499,0.5245511531829834,
0,,549,0.6966304779052734,
0,,599,0.4062653183937073,
0,,649,0.4058290719985962,
0,,699,0.32909318804740906,
0,,749,0.38222941756248474,
0,,799,0.36480268836021423,
0,,849,0.4935588836669922,
0,,899,0.44118452072143555,
0,,949,0.48256173729896545,
0,,999,0.3141387104988098,
0,,1049,0.5035762786865234,
0,,1099,0.4066251814365387,
0,,1149,0.32437700033187866,
0,,1199,0.4318352937698364,
0,,1249,0.309226930141449,
0,,1299,0.3004084825515747,
0,,1349,0.2797740697860718,
0,,1399,0.3404049873352051,
0,,1449,0.44871896505355835,
0,,1499,0.3637506365776062,
0,,1549,0.39880070090293884,
0,,1599,0.42621585726737976,
0,,1649,0.38801538944244385,
0,,1699,0.3269134759902954,
0,,1749,0.42098647356033325,
0,,1799,0.3392474353313446,
0,,1849,0.25847363471984863,
0,,1899,0.4168444573879242,
0,,1948,,0.312063992023468
,9.991120277927223e-05,1949,,
1,,1949,0.355888307094574,
1,,1999,0.2504502534866333,
1,,2049,0.34072232246398926,
1,,2099,0.3248734474182129,
1,,2149,0.2997730076313019,
1,,2199,0.5053130388259888,
1,,2249,0.35977602005004883,
1,,2299,0.4256904721260071,
1,,2349,0.374865859746933,
1,,2399,0.31110119819641113,
1,,2449,0.30604809522628784,
1,,2499,0.4071289300918579,
1,,2549,0.31774407625198364,
1,,2599,0.3199940323829651,
1,,2649,0.21210674941539764,
1,,2699,0.37512773275375366,
1,,2749,0.2278427630662918,
1,,2799,0.28021541237831116,
1,,2849,0.32937145233154297,
1,,2899,0.25480252504348755,
1,,2949,0.26637524366378784,
1,,2999,0.4678211212158203,
1,,3049,0.35575735569000244,
1,,3099,0.3950801491737366,
1,,3149,0.2822009325027466,
1,,3199,0.244604229927063,
1,,3249,0.46516692638397217,
1,,3299,0.32962948083877563,
1,,3349,0.21987496316432953,
1,,3399,0.2434624284505844,
1,,3449,0.2730329930782318,
1,,3499,0.4083724915981293,
1,,3549,0.30040276050567627,
1,,3599,0.3185165226459503,
1,,3649,0.330447256565094,
1,,3699,0.2642609477043152,
1,,3749,0.28809094429016113,
1,,3799,0.380954384803772,
1,,3849,0.35541802644729614,
1,,3897,,0.30746814608573914
,9.964516155915151e-05,3898,,
2,,3899,0.25713154673576355,
2,,3949,0.26457902789115906,
2,,3999,0.3198968172073364,
2,,4049,0.25337356328964233,
2,,4099,0.2599799633026123,
2,,4149,0.28660276532173157,
2,,4199,0.25474628806114197,
2,,4249,0.30181005597114563,
2,,4299,0.24809832870960236,
2,,4349,0.4153303802013397,
2,,4399,0.3518073558807373,
2,,4449,0.19543832540512085,
2,,4499,0.24830752611160278,
2,,4549,0.2687399387359619,
2,,4599,0.3483027219772339,
2,,4649,0.31884121894836426,
2,,4699,0.27619636058807373,
2,,4749,0.3014299273490906,
2,,4799,0.22600960731506348,
2,,4849,0.37721019983291626,
2,,4899,0.22522646188735962,
2,,4949,0.2678835093975067,
2,,4999,0.32470232248306274,
2,,5049,0.30272412300109863,
2,,5099,0.36580172181129456,
2,,5149,0.26788878440856934,
2,,5199,0.2826559543609619,
2,,5249,0.28431957960128784,
2,,5299,0.25412774085998535,
2,,5349,0.23106813430786133,
2,,5399,0.24456903338432312,
2,,5449,0.25727540254592896,
2,,5499,0.23988646268844604,
2,,5549,0.23763301968574524,
2,,5599,0.3167051374912262,
2,,5649,0.26335397362709045,
2,,5699,0.44075024127960205,
2,,5749,0.20902574062347412,
2,,5799,0.3928442895412445,
2,,5846,,0.3104167878627777
,9.920292628279099e-05,5847,,
3,,5849,0.3103851079940796,
3,,5899,0.32073652744293213,
3,,5949,0.29445430636405945,
3,,5999,0.24040791392326355,
3,,6049,0.2389184534549713,
3,,6099,0.29674190282821655,
3,,6149,0.34740421175956726,
3,,6199,0.23773100972175598,
3,,6249,0.3433123528957367,
3,,6299,0.2575919032096863,
3,,6349,0.18775835633277893,
3,,6399,0.20574264228343964,
3,,6449,0.2585023045539856,
3,,6499,0.2888793349266052,
3,,6549,0.24904704093933105,
3,,6599,0.2276601940393448,
3,,6649,0.3330416679382324,
3,,6699,0.19977600872516632,
3,,6749,0.320830762386322,
3,,6799,0.2833768129348755,
3,,6849,0.20425185561180115,
3,,6899,0.3055872321128845,
3,,6949,0.3668403923511505,
3,,6999,0.3396138846874237,
3,,7049,0.2645105719566345,
3,,7099,0.231456458568573,
3,,7149,0.2383551150560379,
3,,7199,0.2630940079689026,
3,,7249,0.29044848680496216,
3,,7299,0.2643378973007202,
3,,7349,0.312497615814209,
3,,7399,0.2714439034461975,
3,,7449,0.2829339802265167,
3,,7499,0.315796434879303,
3,,7549,0.20233076810836792,
3,,7599,0.29005998373031616,
3,,7649,0.2924134433269501,
3,,7699,0.2774162292480469,
3,,7749,0.25742244720458984,
3,,7795,,0.29559817910194397
,9.85862422507884e-05,7796,,
4,,7799,0.24281993508338928,
4,,7849,0.23771893978118896,
4,,7899,0.3037591576576233,
4,,7949,0.25568825006484985,
4,,7999,0.5363026857376099,
4,,8049,0.3261828124523163,
4,,8099,0.2991621494293213,
4,,8149,0.21665598452091217,
4,,8199,0.2394072711467743,
4,,8249,0.28386741876602173,
4,,8299,0.391509473323822,
4,,8349,0.27610695362091064,
4,,8399,0.23104025423526764,
4,,8449,0.4455963969230652,
4,,8499,0.22101056575775146,
4,,8549,0.3191819190979004,
4,,8599,0.2689473330974579,
4,,8649,0.23412036895751953,
4,,8699,0.23593376576900482,
4,,8749,0.22607474029064178,
4,,8799,0.35060179233551025,
4,,8849,0.3674466013908386,
4,,8899,0.36904293298721313,
4,,8949,0.3071562945842743,
4,,8999,0.25048741698265076,
4,,9049,0.2869385778903961,
4,,9099,0.28101763129234314,
4,,9149,0.3728635907173157,
4,,9199,0.22298625111579895,
4,,9249,0.2674095630645752,
4,,9299,0.23151253163814545,
4,,9349,0.21244926750659943,
4,,9399,0.24108386039733887,
4,,9449,0.25125521421432495,
4,,9499,0.2877224087715149,
4,,9549,0.2258988618850708,
4,,9599,0.28288042545318604,
4,,9649,0.24300093948841095,
4,,9699,0.20273882150650024,
4,,9744,,0.309876024723053
,9.779754323328191e-05,9745,,
5,,9749,0.28019237518310547,
5,,9799,0.29813528060913086,
5,,9849,0.20678317546844482,
5,,9899,0.2340468466281891,
5,,9949,0.5394853353500366,
5,,9999,0.36028242111206055,
5,,10049,0.1992940902709961,
5,,10099,0.2804763913154602,
5,,10149,0.19674435257911682,
5,,10199,0.194303959608078,
5,,10249,0.3012496829032898,
5,,10299,0.20524457097053528,
5,,10349,0.1877979040145874,
5,,10399,0.1811290979385376,
5,,10449,0.2932227849960327,
5,,10499,0.23500710725784302,
5,,10549,0.22904345393180847,
5,,10599,0.5225979685783386,
5,,10649,0.45069876313209534,
5,,10699,0.3000364899635315,
5,,10749,0.22487278282642365,
5,,10799,0.25720107555389404,
5,,10849,0.3388991951942444,
5,,10899,0.20286917686462402,
5,,10949,0.3184555768966675,
5,,10999,0.17433896660804749,
5,,11049,0.2191689908504486,
5,,11099,0.2511318027973175,
5,,11149,0.2855982780456543,
5,,11199,0.16706180572509766,
5,,11249,0.47817426919937134,
5,,11299,0.24934804439544678,
5,,11349,0.345355361700058,
5,,11399,0.33199840784072876,
5,,11449,0.14285895228385925,
5,,11499,0.2386694997549057,
5,,11549,0.2238011509180069,
5,,11599,0.16677923500537872,
5,,11649,0.30831634998321533,
5,,11693,,0.2858482897281647
,9.683994186497131e-05,11694,,
6,,11699,0.35861843824386597,
6,,11749,0.22661246359348297,
6,,11799,0.26277637481689453,
6,,11849,0.2288728952407837,
6,,11899,0.2705286741256714,
6,,11949,0.2709887623786926,
6,,11999,0.3673480153083801,
6,,12049,0.2702189087867737,
6,,12099,0.18118464946746826,
6,,12149,0.328432559967041,
6,,12199,0.1586727797985077,
6,,12249,0.23057499527931213,
6,,12299,0.2218807339668274,
6,,12349,0.23879443109035492,
6,,12399,0.16514906287193298,
6,,12449,0.21123003959655762,
6,,12499,0.19905036687850952,
6,,12549,0.20141541957855225,
6,,12599,0.3058038353919983,
6,,12649,0.1983056217432022,
6,,12699,0.20032919943332672,
6,,12749,0.2828798294067383,
6,,12799,0.3085588216781616,
6,,12849,0.3223780691623688,
6,,12899,0.19814766943454742,
6,,12949,0.19719980657100677,
6,,12999,0.25451433658599854,
6,,13049,0.24786533415317535,
6,,13099,0.3208228349685669,
6,,13149,0.22911734879016876,
6,,13199,0.1927487850189209,
6,,13249,0.18466252088546753,
6,,13299,0.26092493534088135,
6,,13349,0.17269538342952728,
6,,13399,0.15942814946174622,
6,,13449,0.24940109252929688,
6,,13499,0.23268011212348938,
6,,13549,0.3015863299369812,
6,,13599,0.19646668434143066,
6,,13642,,0.27961447834968567
,9.571721736097089e-05,13643,,
7,,13649,0.29293036460876465,
7,,13699,0.22387956082820892,
7,,13749,0.25264763832092285,
7,,13799,0.23672011494636536,
7,,13849,0.23893678188323975,
7,,13899,0.20574456453323364,
7,,13949,0.2370840311050415,
7,,13999,0.20596857368946075,
7,,14049,0.2263651341199875,
7,,14099,0.34921199083328247,
7,,14149,0.265741765499115,
7,,14199,0.20714092254638672,
7,,14249,0.2975700795650482,
7,,14299,0.20796772837638855,
7,,14349,0.2631083130836487,
7,,14399,0.2715829312801361,
7,,14449,0.25612127780914307,
7,,14499,0.14435577392578125,
7,,14549,0.24740515649318695,
7,,14599,0.2499910593032837,
7,,14649,0.2687912881374359,
7,,14699,0.49610477685928345,
7,,14749,0.2904818058013916,
7,,14799,0.1967131793498993,
7,,14849,0.21622015535831451,
7,,14899,0.22938984632492065,
7,,14949,0.26788806915283203,
7,,14999,0.3549414873123169,
7,,15049,0.29366880655288696,
7,,15099,0.19668641686439514,
7,,15149,0.2660139203071594,
7,,15199,0.20142754912376404,
7,,15249,0.33028852939605713,
7,,15299,0.2044273167848587,
7,,15349,0.4483851194381714,
7,,15399,0.25122907757759094,
7,,15449,0.2975439727306366,
7,,15499,0.21862633526325226,
7,,15549,0.324815034866333,
7,,15591,,0.31564173102378845
,9.443380060197386e-05,15592,,
8,,15599,0.14604443311691284,
8,,15649,0.26621437072753906,
8,,15699,0.2750082314014435,
8,,15749,0.274563193321228,
8,,15799,0.26108360290527344,
8,,15849,0.23971810936927795,
8,,15899,0.22502149641513824,
8,,15949,0.19368815422058105,
8,,15999,0.23792555928230286,
8,,16049,0.15948709845542908,
8,,16099,0.2645549476146698,
8,,16149,0.18554167449474335,
8,,16199,0.18856152892112732,
8,,16249,0.28801727294921875,
8,,16299,0.23972877860069275,
8,,16349,0.2865321636199951,
8,,16399,0.20771357417106628,
8,,16449,0.22505584359169006,
8,,16499,0.2565588057041168,
8,,16549,0.2794632315635681,
8,,16599,0.1855134665966034,
8,,16649,0.19946196675300598,
8,,16699,0.28084614872932434,
8,,16749,0.33987492322921753,
8,,16799,0.12259134650230408,
8,,16849,0.18384750187397003,
8,,16899,0.19067899882793427,
8,,16949,0.19741496443748474,
8,,16999,0.2631017863750458,
8,,17049,0.20912253856658936,
8,,17099,0.22435885667800903,
8,,17149,0.17653869092464447,
8,,17199,0.19860751926898956,
8,,17249,0.15292882919311523,
8,,17299,0.25500309467315674,
8,,17349,0.24072733521461487,
8,,17399,0.21334755420684814,
8,,17449,0.25396060943603516,
8,,17499,0.23923557996749878,
8,,17540,,0.3250298798084259
,9.299475664759068e-05,17541,,
9,,17549,0.24995307624340057,
9,,17599,0.2339944839477539,
9,,17649,0.2396136373281479,
9,,17699,0.20820243656635284,
9,,17749,0.21557869017124176,
9,,17799,0.21354040503501892,
9,,17849,0.3600960671901703,
9,,17899,0.20336586236953735,
9,,17949,0.21386811137199402,
9,,17999,0.19845913350582123,
9,,18049,0.18594631552696228,
9,,18099,0.22706961631774902,
9,,18149,0.2115831822156906,
9,,18199,0.28304025530815125,
9,,18249,0.3226044774055481,
9,,18299,0.21666540205478668,
9,,18349,0.1860049068927765,
9,,18399,0.2881844639778137,
9,,18449,0.22298768162727356,
9,,18499,0.4931444525718689,
9,,18549,0.3597344756126404,
9,,18599,0.1836361587047577,
9,,18649,0.2601110339164734,
9,,18699,0.1947367787361145,
9,,18749,0.2145453244447708,
9,,18799,0.21585127711296082,
9,,18849,0.343444287776947,
9,,18899,0.25703126192092896,
9,,18949,0.22610817849636078,
9,,18999,0.22481510043144226,
9,,19049,0.22366613149642944,
9,,19099,0.25037115812301636,
9,,19149,0.17679041624069214,
9,,19199,0.23664936423301697,
9,,19249,0.19994384050369263,
9,,19299,0.26364219188690186,
9,,19349,0.34342342615127563,
9,,19399,0.19781503081321716,
9,,19449,0.3820860981941223,
9,,19489,,0.30030739307403564
,9.140576474687264e-05,19490,,
10,,19499,0.4026772677898407,
10,,19549,0.4626082479953766,
10,,19599,0.18054690957069397,
10,,19649,0.20164744555950165,
10,,19699,0.2729227840900421,
10,,19749,0.22993865609169006,
10,,19799,0.22574615478515625,
10,,19849,0.2683592140674591,
10,,19899,0.31837767362594604,
10,,19949,0.2540879547595978,
10,,19999,0.16215316951274872,
10,,20049,0.2621605396270752,
10,,20099,0.25408944487571716,
10,,20149,0.22818270325660706,
10,,20199,0.2661144435405731,
10,,20249,0.24686777591705322,
10,,20299,0.16295933723449707,
10,,20349,0.2438952922821045,
10,,20399,0.40798473358154297,
10,,20449,0.19601726531982422,
10,,20499,0.2236679643392563,
10,,20549,0.21377405524253845,
10,,20599,0.19765985012054443,
10,,20649,0.22131183743476868,
10,,20699,0.17767515778541565,
10,,20749,0.18896356225013733,
10,,20799,0.16827084124088287,
10,,20849,0.25616025924682617,
10,,20899,0.24543733894824982,
10,,20949,0.2169824242591858,
10,,20999,0.20983649790287018,
10,,21049,0.1905318945646286,
10,,21099,0.27433592081069946,
10,,21149,0.3720622956752777,
10,,21199,0.2170865535736084,
10,,21249,0.1876792460680008,
10,,21299,0.2632051110267639,
10,,21349,0.22117340564727783,
10,,21399,0.3828158378601074,
10,,21438,,0.3032240569591522
,8.967309592491052e-05,21439,,
11,,21449,0.18158404529094696,
11,,21499,0.18418028950691223,
11,,21549,0.16841872036457062,
11,,21599,0.28491950035095215,
11,,21649,0.19094602763652802,
11,,21699,0.35940447449684143,
11,,21749,0.2570474147796631,
11,,21799,0.16149061918258667,
11,,21849,0.27964645624160767,
11,,21899,0.2720588743686676,
11,,21949,0.21500898897647858,
11,,21999,0.21315184235572815,
11,,22049,0.23198097944259644,
11,,22099,0.26009172201156616,
11,,22149,0.2702457904815674,
11,,22199,0.19571620225906372,
11,,22249,0.15295839309692383,
11,,22299,0.17022709548473358,
11,,22349,0.17490357160568237,
11,,22399,0.2480694204568863,
11,,22449,0.2624247670173645,
11,,22499,0.29620760679244995,
11,,22549,0.22102877497673035,
11,,22599,0.3773009181022644,
11,,22649,0.1860286295413971,
11,,22699,0.17591771483421326,
11,,22749,0.22188450396060944,
11,,22799,0.21974889934062958,
11,,22849,0.19431284070014954,
11,,22899,0.22856013476848602,
11,,22949,0.3766755759716034,
11,,22999,0.19035477936267853,
11,,23049,0.18549571931362152,
11,,23099,0.18941180408000946,
11,,23149,0.16701653599739075,
11,,23199,0.21773748099803925,
11,,23249,0.20467707514762878,
11,,23299,0.3173440396785736,
11,,23349,0.3454740643501282,
11,,23387,,0.30857574939727783
,8.780358823396352e-05,23388,,
12,,23399,0.195231094956398,
12,,23449,0.34411972761154175,
12,,23499,0.24162468314170837,
12,,23549,0.23254506289958954,
12,,23599,0.28580737113952637,
12,,23649,0.22520336508750916,
12,,23699,0.1985473334789276,
12,,23749,0.3471487760543823,
12,,23799,0.16660408675670624,
12,,23849,0.2063230276107788,
12,,23899,0.2140883207321167,
12,,23949,0.15525445342063904,
12,,23999,0.14803993701934814,
12,,24049,0.38734549283981323,
12,,24099,0.17572398483753204,
12,,24149,0.21065329015254974,
12,,24199,0.2156621664762497,
12,,24249,0.34384244680404663,
12,,24299,0.18298500776290894,
12,,24349,0.16502028703689575,
12,,24399,0.25697794556617737,
12,,24449,0.1943587362766266,
12,,24499,0.3048493266105652,
12,,24549,0.3878333866596222,
12,,24599,0.2510582208633423,
12,,24649,0.21284635365009308,
12,,24699,0.16531828045845032,
12,,24749,0.3758386969566345,
12,,24799,0.19181036949157715,
12,,24849,0.1806768774986267,
12,,24899,0.26795661449432373,
12,,24949,0.3139462172985077,
12,,24999,0.24576535820960999,
12,,25049,0.25779658555984497,
12,,25099,0.21106688678264618,
12,,25149,0.3614945113658905,
12,,25199,0.15445667505264282,
12,,25249,0.2103065550327301,
12,,25299,0.1435900628566742,
12,,25336,,0.3129390478134155
,8.5804619766791e-05,25337,,
13,,25349,0.22229017317295074,
13,,25399,0.30585962533950806,
13,,25449,0.2797497510910034,
13,,25499,0.26124507188796997,
13,,25549,0.3165171444416046,
13,,25599,0.16847547888755798,
13,,25649,0.22975307703018188,
13,,25699,0.3105844259262085,
13,,25749,0.23779350519180298,
13,,25799,0.2557598054409027,
13,,25849,0.3636457324028015,
13,,25899,0.17383620142936707,
13,,25949,0.2888637185096741,
13,,25999,0.17778334021568298,
13,,26049,0.16128604114055634,
13,,26099,0.19671785831451416,
13,,26149,0.18097612261772156,
13,,26199,0.21063995361328125,
13,,26249,0.27095842361450195,
13,,26299,0.21023669838905334,
13,,26349,0.2457895278930664,
13,,26399,0.18493925034999847,
13,,26449,0.17668825387954712,
13,,26499,0.20252622663974762,
13,,26549,0.2609354257583618,
13,,26599,0.2812081277370453,
13,,26649,0.18089522421360016,
13,,26699,0.20365378260612488,
13,,26749,0.16645216941833496,
13,,26799,0.18842819333076477,
13,,26849,0.20842720568180084,
13,,26899,0.20998752117156982,
13,,26949,0.2033763825893402,
13,,26999,0.15204639732837677,
13,,27049,0.17757834494113922,
13,,27099,0.36533671617507935,
13,,27149,0.28102612495422363,
13,,27199,0.17175136506557465,
13,,27249,0.2271682322025299,
13,,27285,,0.3219314217567444
,8.368407953869104e-05,27286,,
14,,27299,0.19224078953266144,
14,,27349,0.3413194417953491,
14,,27399,0.20996499061584473,
14,,27449,0.25803422927856445,
14,,27499,0.19321855902671814,
14,,27549,0.14895008504390717,
14,,27599,0.2693914473056793,
14,,27649,0.17642033100128174,
14,,27699,0.2322378009557724,
14,,27749,0.482991486787796,
14,,27799,0.2330484241247177,
14,,27849,0.27670249342918396,
14,,27899,0.21575528383255005,
14,,27949,0.17532092332839966,
14,,27999,0.2500966191291809,
14,,28049,0.1657857894897461,
14,,28099,0.1946149617433548,
14,,28149,0.22706928849220276,
14,,28199,0.2087748795747757,
14,,28249,0.21646983921527863,
14,,28299,0.18147151172161102,
14,,28349,0.23207175731658936,
14,,28399,0.16240769624710083,
14,,28449,0.15832805633544922,
14,,28499,0.21240048110485077,
14,,28549,0.17206889390945435,
14,,28599,0.2602764368057251,
14,,28649,0.20829454064369202,
14,,28699,0.22318682074546814,
14,,28749,0.2367514967918396,
14,,28799,0.3561766445636749,
14,,28849,0.1926618069410324,
14,,28899,0.28310462832450867,
14,,28949,0.37558165192604065,
14,,28999,0.27950096130371094,
14,,29049,0.23143434524536133,
14,,29099,0.29232457280158997,
14,,29149,0.3053833544254303,
14,,29199,0.17047172784805298,
14,,29234,,0.3005368709564209
,8.145033635316131e-05,29235,,
15,,29249,0.24677053093910217,
15,,29299,0.33584320545196533,
15,,29349,0.22293734550476074,
15,,29399,0.16715271770954132,
15,,29449,0.18574896454811096,
15,,29499,0.17563122510910034,
15,,29549,0.16944986581802368,
15,,29599,0.20337295532226562,
15,,29649,0.1905539333820343,
15,,29699,0.21066482365131378,
15,,29749,0.14545731246471405,
15,,29799,0.4136332869529724,
15,,29849,0.2634122669696808,
15,,29899,0.1703314185142517,
15,,29949,0.19625425338745117,
15,,29999,0.2075485736131668,
15,,30049,0.18539007008075714,
15,,30099,0.38176655769348145,
15,,30149,0.2711833417415619,
15,,30199,0.23531927168369293,
15,,30249,0.2919621169567108,
15,,30299,0.17320218682289124,
15,,30349,0.23316700756549835,
15,,30399,0.1718997210264206,
15,,30449,0.2788706123828888,
15,,30499,0.1877472996711731,
15,,30549,0.16355127096176147,
15,,30599,0.20729653537273407,
15,,30649,0.15982896089553833,
15,,30699,0.2620352506637573,
15,,30749,0.1782321333885193,
15,,30799,0.17767927050590515,
15,,30849,0.19622613489627838,
15,,30899,0.305012047290802,
15,,30949,0.2389214038848877,
15,,30999,0.18321563303470612,
15,,31049,0.1669907420873642,
15,,31099,0.2402573674917221,
15,,31149,0.21669739484786987,
15,,31183,,0.2953176200389862
,7.911220577405486e-05,31184,,
16,,31199,0.21126288175582886,
16,,31249,0.2467297911643982,
16,,31299,0.14601106941699982,
16,,31349,0.22688406705856323,
16,,31399,0.24289962649345398,
16,,31449,0.18707509338855743,
16,,31499,0.1267547309398651,
16,,31549,0.270658016204834,
16,,31599,0.26469331979751587,
16,,31649,0.16203472018241882,
16,,31699,0.16601723432540894,
16,,31749,0.28138118982315063,
16,,31799,0.15362580120563507,
16,,31849,0.21762074530124664,
16,,31899,0.1891292929649353,
16,,31949,0.2001056671142578,
16,,31999,0.3389257788658142,
16,,32049,0.1983281373977661,
16,,32099,0.2604216933250427,
16,,32149,0.18539515137672424,
16,,32199,0.26472994685173035,
16,,32249,0.2341129630804062,
16,,32299,0.22759123146533966,
16,,32349,0.1270589828491211,
16,,32399,0.19133692979812622,
16,,32449,0.16122038662433624,
16,,32499,0.2557891011238098,
16,,32549,0.22427573800086975,
16,,32599,0.2076416313648224,
16,,32649,0.1802583932876587,
16,,32699,0.25890466570854187,
16,,32749,0.1508438140153885,
16,,32799,0.1831243932247162,
16,,32849,0.1955929398536682,
16,,32899,0.23416194319725037,
16,,32949,0.3018658757209778,
16,,32999,0.1923874020576477,
16,,33049,0.17303872108459473,
16,,33099,0.2100198119878769,
16,,33132,,0.3354813754558563
,7.66789153345772e-05,33133,,
17,,33149,0.1985163539648056,
17,,33199,0.17563383281230927,
17,,33249,0.18848447501659393,
17,,33299,0.16765865683555603,
17,,33349,0.2395295798778534,
17,,33399,0.17679628729820251,
17,,33449,0.17323791980743408,
17,,33499,0.18665815889835358,
17,,33549,0.21642614901065826,
17,,33599,0.2654609680175781,
17,,33649,0.2515537738800049,
17,,33699,0.1900583803653717,
17,,33749,0.18827496469020844,
17,,33799,0.20887503027915955,
17,,33849,0.1871819794178009,
17,,33899,0.27428877353668213,
17,,33949,0.19377195835113525,
17,,33999,0.19751186668872833,
17,,34049,0.21510709822177887,
17,,34099,0.21676579117774963,
17,,34149,0.20819033682346344,
17,,34199,0.20166057348251343,
17,,34249,0.15951815247535706,
17,,34299,0.29032373428344727,
17,,34349,0.240441232919693,
17,,34399,0.20006141066551208,
17,,34449,0.25465458631515503,
17,,34499,0.226651132106781,
17,,34549,0.19202721118927002,
17,,34599,0.3418924808502197,
17,,34649,0.1502339243888855,
17,,34699,0.24669666588306427,
17,,34749,0.26924803853034973,
17,,34799,0.1529434323310852,
17,,34849,0.20439349114894867,
17,,34899,0.2277555614709854,
17,,34949,0.2181103229522705,
17,,34999,0.23816224932670593,
17,,35049,0.3009198009967804,
17,,35081,,0.32064661383628845
,7.416006812042828e-05,35082,,
18,,35099,0.33403292298316956,
18,,35149,0.17267020046710968,
18,,35199,0.13899299502372742,
18,,35249,0.20213550329208374,
18,,35299,0.1786213219165802,
18,,35349,0.3302658796310425,
18,,35399,0.1611347198486328,
18,,35449,0.26744213700294495,
18,,35499,0.15960845351219177,
18,,35549,0.2552674412727356,
18,,35599,0.14726987481117249,
18,,35649,0.1390545815229416,
18,,35699,0.20050647854804993,
18,,35749,0.1465342491865158,
18,,35799,0.24954019486904144,
18,,35849,0.18766123056411743,
18,,35899,0.19906094670295715,
18,,35949,0.3195044994354248,
18,,35999,0.19534826278686523,
18,,36049,0.22179760038852692,
18,,36099,0.19923035800457,
18,,36149,0.25144919753074646,
18,,36199,0.2082148641347885,
18,,36249,0.21011479198932648,
18,,36299,0.17377009987831116,
18,,36349,0.14932134747505188,
18,,36399,0.16573140025138855,
18,,36449,0.2088993489742279,
18,,36499,0.2463703751564026,
18,,36549,0.24511095881462097,
18,,36599,0.15394511818885803,
18,,36649,0.2559353709220886,
18,,36699,0.24524037539958954,
18,,36749,0.2501147389411926,
18,,36799,0.16473990678787231,
18,,36849,0.2667384445667267,
18,,36899,0.16550400853157043,
18,,36949,0.3271902799606323,
18,,36999,0.15560384094715118,
18,,37030,,0.3062622845172882
,7.156560487081053e-05,37031,,
19,,37049,0.14390480518341064,
19,,37099,0.17991162836551666,
19,,37149,0.13866493105888367,
19,,37199,0.20547014474868774,
19,,37249,0.21538081765174866,
19,,37299,0.1814316362142563,
19,,37349,0.19854022562503815,
19,,37399,0.16942396759986877,
19,,37449,0.31801915168762207,
19,,37499,0.17753423750400543,
19,,37549,0.2377844750881195,
19,,37599,0.33477330207824707,
19,,37649,0.21398697793483734,
19,,37699,0.22869953513145447,
19,,37749,0.26101237535476685,
19,,37799,0.22471928596496582,
19,,37849,0.15610212087631226,
19,,37899,0.23078827559947968,
19,,37949,0.23673053085803986,
19,,37999,0.14833098649978638,
19,,38049,0.29044416546821594,
19,,38099,0.14064976572990417,
19,,38149,0.2631615996360779,
19,,38199,0.18820953369140625,
19,,38249,0.22047092020511627,
19,,38299,0.16915419697761536,
19,,38349,0.2406679391860962,
19,,38399,0.17716875672340393,
19,,38449,0.22608380019664764,
19,,38499,0.2133898288011551,
19,,38549,0.20086699724197388,
19,,38599,0.2544569969177246,
19,,38649,0.18323731422424316,
19,,38699,0.23654931783676147,
19,,38749,0.30038201808929443,
19,,38799,0.19305068254470825,
19,,38849,0.2435390204191208,
19,,38899,0.2086208611726761,
19,,38949,0.16264042258262634,
19,,38979,,0.2947072386741638
,6.890576474687264e-05,38980,,
20,,38999,0.18549874424934387,
20,,39049,0.1982957422733307,
20,,39099,0.17299365997314453,
20,,39149,0.2304144650697708,
20,,39199,0.14687946438789368,
20,,39249,0.2237549126148224,
20,,39299,0.15905362367630005,
20,,39349,0.19909235835075378,
20,,39399,0.21992772817611694,
20,,39449,0.3446558117866516,
20,,39499,0.17646832764148712,
20,,39549,0.16116438806056976,
20,,39599,0.17798641324043274,
20,,39649,0.22716772556304932,
20,,39699,0.22618597745895386,
20,,39749,0.23530033230781555,
20,,39799,0.2359001487493515,
20,,39849,0.17950287461280823,
20,,39899,0.2213655710220337,
20,,39949,0.25896114110946655,
20,,39999,0.2041684091091156,
20,,40049,0.13118836283683777,
20,,40099,0.25392669439315796,
20,,40149,0.16537801921367645,
20,,40199,0.20329779386520386,
20,,40249,0.20242661237716675,
20,,40299,0.23690570890903473,
20,,40349,0.23208120465278625,
20,,40399,0.21197889745235443,
20,,40449,0.14913874864578247,
20,,40499,0.2476060539484024,
20,,40549,0.18034151196479797,
20,,40599,0.19917123019695282,
20,,40649,0.3011895716190338,
20,,40699,0.24427194893360138,
20,,40749,0.38512492179870605,
20,,40799,0.19534748792648315,
20,,40849,0.2266043722629547,
20,,40899,0.26862794160842896,
20,,40928,,0.3067997694015503
,6.619104492241848e-05,40929,,
21,,40949,0.2283976972103119,
21,,40999,0.17369362711906433,
21,,41049,0.14474758505821228,
21,,41099,0.11223602294921875,
21,,41149,0.1804039180278778,
21,,41199,0.176939457654953,
21,,41249,0.1793421506881714,
21,,41299,0.2051020860671997,
21,,41349,0.13102197647094727,
21,,41399,0.29533669352531433,
21,,41449,0.16149075329303741,
21,,41499,0.14280270040035248,
21,,41549,0.22612783312797546,
21,,41599,0.20128083229064941,
21,,41649,0.2420613318681717,
21,,41699,0.27779442071914673,
21,,41749,0.141117125749588,
21,,41799,0.2060280293226242,
21,,41849,0.3536422848701477,
21,,41899,0.18546827137470245,
21,,41949,0.19007527828216553,
21,,41999,0.29867273569107056,
21,,42049,0.25306951999664307,
21,,42099,0.2254948616027832,
21,,42149,0.20537948608398438,
21,,42199,0.3531038761138916,
21,,42249,0.22826477885246277,
21,,42299,0.1954726278781891,
21,,42349,0.1920408457517624,
21,,42399,0.20102033019065857,
21,,42449,0.18669578433036804,
21,,42499,0.24825426936149597,
21,,42549,0.10782819241285324,
21,,42599,0.241292804479599,
21,,42649,0.17014643549919128,
21,,42699,0.20911984145641327,
21,,42749,0.20256975293159485,
21,,42799,0.13873744010925293,
21,,42849,0.3315442204475403,
21,,42877,,0.3055829703807831
